symbol,orderId,qty,side,price,updatedTime
AVAXUSDT,cb1f8785-fe7e-45db-af54-866f3553b9c7,148,Buy,21.6,1740473659369
TRXUSDT,76955743-dbae-499d-a51b-920e108b3e2a,12404,Buy,0.23733,1740500532112
TRXUSDT,1597866c-92e9-422d-8036-9287022840c4,37588,Sell,0.2157,1740505523249
TRXUSDT,bee72bcd-a1df-4546-88d2-bae6b38ef802,25184,Buy,0.23759,1740506103481
CHZUSDT,7e62e9c4-be5c-4904-8c28-6b8f93a40095,21742,Buy,0.05279,1740515043818

TRXUSDT,85af04fb-f6da-42e4-ba1f-54660a6859c0,25184,Buy,0.24312,1740524233073
APTUSDT,c6eb1295-b888-462d-be29-895e4ebd3111,880.2,Buy,5.9345,1740551229196
CHZUSDT,0d60dac1-a9f6-47ec-8c93-961ee33727c2,21742,Sell,0.04754,1740552047626
AVAXUSDT,b9a0fb17-b59c-4df3-9cd6-d8239edb3faa,148,Buy,22.74,1740553219867
AXSUSDT,f490e6ec-4272-4884-bf36-0c88b45e83bd,802,Buy,3.885,1740553222837
RVNUSDT,54b9527d-ba73-465b-ab25-13f55182dd8d,84696,Buy,0.01447,1740563647143
RVNUSDT,e237ec64-82b5-4bc4-9dc7-da3a8df0f623,84696,Sell,0.01304,1740566381112
AXSUSDT,af2700e6-c0fb-430f-9da5-2cd19794f666,802,Sell,3.566,1740566381113
TRXUSDT,3593bc3e-a163-491a-9a0e-3770c9bcb3fb,25184,Sell,0.21896,1740566381126
AVAXUSDT,64a89603-8b1c-4eda-8c1c-806278eda4ec,148,Sell,21.855,1740566381130
TRBUSDT,eb24c1dc-0ab8-49f9-90ab-8042559848d1,53.8,Sell,32.58,1740566423545
TRBUSDT,aad326c7-4750-4930-8b70-1a1ddaf78531,53.8,Buy,36.27,1740616034840
OPUSDT,cd9c31a7-b02a-4bfb-9193-b202ec050eda,2333.4,Buy,1.2252,1740616447220
OPUSDT,33a12558-88b2-4c3f-b291-48f4c21d8356,1346.8,Buy,1.2518,1740620890006
ICPUSDT,e83592da-de81-4c02-a63b-37bb66dddb3c,258,Buy,7.129,1740652203087
OPUSDT,338c3808-bd16-47ba-aef2-6efa2b70d213,1346.8,Sell,1.0924,1740663124070
ICPUSDT,a1f7babc-569c-4150-8dc5-e7058d0dd993,258,Sell,6.282,1740683654222
OPUSDT,69e38c2e-4fa4-4df3-8552-d1157f3c2ae3,2333.4,Sell,0.9997,1740715297897
EOSUSDT,f0020f73-db9b-4712-94c2-167c712ef486,12515.4,Buy,0.5825,1740755881745
BCHUSDT,0bdda40d-64b3-453f-8db3-8ee716cb71c9,18.81,Buy,313.5,1740755883753
DYDXUSDT,c7eb67bd-fcfe-4184-85ab-6c7c43253827,1926.2,Buy,0.7477,1740761296993
APTUSDT,547a5ea6-922b-439b-8cf5-3a62c1463f06,147.4,Buy,6.773,1740766684379
NEARUSDT,0bd83a36-0320-4787-b3ea-16ed920fa94c,504,Buy,3.222,1740767762832
APTUSDT,f008930a-6455-479c-a312-97556be3e9db,748.2,Buy,6.7785,1740787210817
SOLUSDT,c53938e5-70bb-4471-ae17-fb359847dd55,24,Buy,156.33,1740793684321
AVAXUSDT,62b2f68e-4f08-4bce-afcb-3ccdb1cffe95,458,Buy,22.79,1740795843512
MTLUSDT,63ee4a6f-ad41-4f89-a5a9-1f500ad46036,15256,Buy,0.9222,1740796923239
BCHUSDT,514846e0-3be9-4f74-9b13-08a91e8289f4,6.21,Sell,306.6,1740798002954
HBARUSDT,e6b589c1-0e2d-476d-b236-a339453fc632,12344,Buy,0.23601,1740800163440
LTCUSDT,489baee8-a98b-49cf-a765-d587ef547d35,57.1,Buy,132.47,1740802323639
DOGEUSDT,ca99b016-6af4-40c3-8d1c-4a3ec50741a6,14836,Buy,0.21845,1740804482275
AVAXUSDT,af118e7a-216c-4693-a39a-aac79b484bea,458,Sell,21.845,1740805647642
MTLUSDT,501055fe-b81c-4db0-8e2e-ebb29539372e,15256,Sell,0.8314,1740809796405
SOLUSDT,de44db84-f2c5-48bb-8cb3-0b5758ff34cc,24,Sell,135.78,1740812834421
DYDXUSDT,a4284fce-1161-4748-866c-f338b1f02732,1926.2,Sell,0.6639,1740813124514
EOSUSDT,b09c6d5d-c65e-4c1c-bfeb-4c6f0070d46d,4130,Sell,0.5317,1740813133765
DOGEUSDT,8a058d71-77c7-45ff-8eb2-5bbd29eb45f8,14836,Sell,0.19393,1740818295678
EOSUSDT,7da2ed70-c0a7-410c-a260-4017ca7f5d05,8385.4,Sell,0.5311,1740818300155
LTCUSDT,087b9dc7-5704-42e1-bb52-bbdffe067fe8,57.1,Sell,123.86,1740818560050
BCHUSDT,8ca2b98a-f445-4045-9779-74c979d447cd,12.6,Sell,296,1740818560203
APTUSDT,0cee865e-d743-4f50-b25f-2f85bcc16eca,48.6,Sell,6.213,1740819794548
NEARUSDT,7dff04b1-bd3a-49bd-9557-abccd6d2d82a,166,Sell,2.957,1740820685424
NEARUSDT,70ad91c7-a895-4274-b829-bbb232814733,338,Sell,2.934,1740822384069
APTUSDT,26ad3c5a-b0d9-4879-a1f5-adb4c92189f7,98.8,Sell,6.1885,1740823884066
ICPUSDT,70a5fea2-60e5-471e-9482-f3392c196feb,436,Buy,6.903,1740866044677
MTLUSDT,5a0fdbcc-9b40-4651-af5c-e0294a800f06,17068,Buy,0.9225,1740867125779
APTUSDT,df761673-03ac-4243-966c-1e446700ebb5,748.2,Sell,5.9195,1740894868630
MTLUSDT,36ce4384-de36-498a-9541-448668682e67,17068,Sell,0.8302,1740898445857
ICPUSDT,729ce78a-f506-460d-8479-243ca4c3aa1e,144,Sell,6.283,1740921256828
ICPUSDT,d4d77f62-e6cb-41c5-ac9a-b7b53a984160,292,Sell,6.25,1740922234750
UNIUSDT,51fea41d-f881-485e-a8d7-c7ea99419136,1562,Buy,8.048,1740929857410
LINKUSDT,3438b355-7a44-441c-baa3-438b203f53af,174.1,Buy,16.074,1740929857616
AXSUSDT,c9d6350f-da4c-432a-bed3-631ccf274075,3308,Buy,3.988,1740929857653
ALGOUSDT,a90781b5-dbdc-4371-87ce-67f893d74d45,16891,Buy,0.2823,1740931923052
HBARUSDT,1081c98c-03c7-455f-8452-5834ebc7db83,4074,Sell,0.25117,1740933154899
LINKUSDT,28538c7b-3be6-4d5a-8fd8-b208ebebfbe2,57.4,Sell,15.389,1740933231029
HBARUSDT,1e504746-b09d-41f5-8f78-950191d220a5,12344,Sell,0.26825,1740933454316
AXSUSDT,f83a2e7e-edb9-466d-85b6-5f6ff9cd500b,1092,Sell,3.792,1740933573477
UNIUSDT,b84dd490-9a4d-413b-9653-0150ce5eef91,516,Sell,7.736,1740933576426
DOGEUSDT,69adda82-f4b1-4037-887c-1ef8dca22721,20872,Buy,0.23674,1740935163199
SANDUSDT,96eeba70-221b-4376-8b8f-a9289b3c83f1,14108,Buy,0.3648,1740935163740
KAVAUSDT,d289c92c-a145-49e1-b0b3-ff97f2a4531d,15255.4,Buy,0.4749,1740935163804
BCHUSDT,9e045a8d-ebcb-4368-bcda-4bb4adc53ccc,3.34,Buy,353,1740935163979
HBARUSDT,7361556c-37a4-437f-bd08-92d8199da34e,4074,Buy,0.27841,1740935348145
LINKUSDT,9484aae0-fcbd-49ce-a7b5-2e32b7566237,116.7,Sell,16.093,1740935573866
CFXUSDT,1412f1c8-78bc-40b8-bed3-661cd529f5c9,28880,Sell,0.11672,1740937422264
SFPUSDT,df8a1d23-b318-4096-bb57-257fa7e73639,15064,Buy,0.6725,1740951364730
MAGICUSDT,2b5b91d8-3bb2-4918-b703-ff43dafd8958,12246,Sell,0.2183,1740956528476
LINKUSDT,b054bc68-71b0-4d51-9001-41059a4b7d80,50.1,Buy,18.205,1740957841767
EOSUSDT,dc16f33e-23f8-4a02-b754-88b8521d7fdb,1371.2,Buy,0.6754,1740963243633
FILUSDT,c507c93c-ffff-483a-94a9-776126def4db,1256.4,Buy,3.753,1740963243847
AXSUSDT,3923acb1-9b29-4317-93a7-d40669fd2f9c,2216,Sell,3.601,1740983686073
CFXUSDT,1f05e721-debe-44d3-b680-61c8d0bb8b14,58638,Sell,0.11088,1740984016090
MAGICUSDT,a07ea562-df98-48f0-9e25-52963bc640d4,24862,Sell,0.2048,1740984724554
APTUSDT,c1d2a184-6e6a-40df-9064-14303dcd7491,204,Sell,5.9045,1740984845573
BCHUSDT,d07f9d8b-d798-45e4-b7fa-370895e83c30,3.34,Sell,298.9,1740985391999
LTCUSDT,63c54be8-b08c-499f-9659-27f284f6f1c3,14.8,Sell,115.32,1740985922531
UNIUSDT,ce7e3a8f-5f4f-4928-9b51-386b1de77f38,1046,Sell,7.36,1740993735427
EOSUSDT,75905dfc-9b76-4488-88bf-49424a4b0d1b,137.1,Buy,0.6378,1740998731250
FILUSDT,0658bb28-9e61-4c7d-bb9a-6ce2ed2c68f9,125.6,Buy,3.507,1740998731277
LINKUSDT,7ff81ca4-efce-4b8e-be82-ef4c56607345,5,Buy,17.132,1740998731482
APTUSDT,40902975-0838-4eac-8ed7-6ba455f4ee7e,20.4,Sell,6.0335,1740998731517
SFPUSDT,53f0dbaa-e23a-47fe-8cc2-721477f22ad7,1506.4,Buy,0.6573,1740998731715
GMXUSDT,9fdb1303-6749-4a77-8ea5-b87cf295924e,322.28,Sell,16.41,1741014015690
LTCUSDT,7edc5fc4-36ac-42c2-b5aa-d459fd97b7e0,36.2,Sell,111.23,1741018323763
KAVAUSDT,ea301300-112a-4479-bc61-be8522a1d672,16780.9,Sell,0.3994,1741025955078
FILUSDT,838a9291-e605-4d35-a1dd-722890413770,1382,Sell,3.026,1741026479748
SFPUSDT,01e9ce54-5556-4b1e-b3d5-427d6819cee0,16570.4,Sell,0.5739,1741026773240
APTUSDT,85a82cd8-cd0d-44d7-ad5c-be3ff8f8a7cc,74.14,Buy,6.3015,1741026794554
SANDUSDT,56b6526c-d239-4c75-a209-0f1bcf2a4755,15519,Sell,0.296,1741027649418
ALGOUSDT,195263e0-37fc-4b0f-9dca-0bbf39494819,18580.1,Sell,0.2359,1741029233903
DOGEUSDT,64e722b5-86d5-4a88-a547-4cbc10cf9b5d,22959,Sell,0.19131,1741029519476
EOSUSDT,c0c54c92-aebf-406b-a066-8f332a89214a,1508.3,Sell,0.5242,1741031747352
LTCUSDT,f824ed67-35a5-4932-9083-e76bf7773fe7,5.4,Buy,110.18,1741031772378
FLMUSDT,9a4f39f4-71a3-4758-a550-2d28ebe3771b,155802,Sell,0.03457,1741032364934
CFXUSDT,4a09011c-fabc-4bb3-afcb-6c9748aefa61,12604,Sell,0.09793,1741032366021
LUNA2USDT,e54757f4-6ab0-41b8-8e99-4ddf75d5bb91,15468.2,Sell,0.1992,1741034522032
1000LUNCUSDT,5c5036d7-23b4-43ea-b131-efe26a64971b,69249,Sell,0.06059,1741034522368
ICPUSDT,0dd006c5-47b4-417b-b07d-945ae6ecaaad,664.4,Sell,5.846,1741034522601
ARBUSDT,78d2cfc4-27f6-4645-8383-e81e5168bfc7,9703.1,Sell,0.3783,1741034523625
SXPUSDT,2350c06d-105a-479e-84c0-05dffb40b212,18112.2,Sell,0.1945,1741034523702
GMXUSDT,638cd514-f71c-4a71-b7fb-b47ac4bcee74,106.35,Buy,16.475,1741035510170
LINKUSDT,93ad527c-a83d-402c-a1b4-6314ed89ef17,55.1,Sell,13.683,1741039074186
UNIUSDT,af289c69-6e7a-45f8-8e46-a87a708a0a1e,101.2,Sell,6.662,1741049642189
BCHUSDT,95c04b61-1f0f-4427-93b0-84756c240944,5.22,Sell,300.3,1741050723070
APTUSDT,d50c1226-2b49-4f8a-aeff-585f7df6a68d,150.26,Buy,5.8205,1741052377125
CHZUSDT,cc7b851d-35aa-40a2-a203-cb68f20b5e2c,45679,Buy,0.0468,1741052659847
BNBUSDT,552e846b-21d7-44f4-b77c-6413703bc756,2.09,Sell,542.45,1741052882897
CHZUSDT,2a3976d9-c9d2-4142-a0dd-dd354601b5b8,61604,Sell,0.0421,1741052884770
GMXUSDT,0c82afc0-3579-4db1-ade7-ab70c6628a37,215.93,Buy,15.53,1741053962635
FLMUSDT,b27bd346-40c3-4135-bd16-12968bcf4fdd,51414,Buy,0.03483,1741057202907
LTCUSDT,9cad50e3-5cff-4425-8637-335c0ad5fdbc,10.9,Buy,102.63,1741074803946
ICPUSDT,09e86255-477f-47a5-8bb7-30b04a7ba9c6,220,Buy,6.202,1741078159220
ARBUSDT,daaa2c24-5977-4f43-b121-52b4a86a4d05,3202.1,Buy,0.3787,1741080313999
CHZUSDT,9ddfd781-fcbb-4275-8079-66b5351174aa,92741,Buy,0.04888,1741084279778
CFXUSDT,306da291-0060-4478-b925-c9d6ac3b9855,4160,Buy,0.10339,1741086363414
ARBUSDT,e95a56c9-ea51-40bf-a31d-be39e5035640,6501,Buy,0.3833,1741086648759
CHZUSDT,656f6023-f5b5-4823-a3d7-e055c91c7af9,138420,Sell,0.04411,1741089795244
ICPUSDT,5f5c056b-1785-429f-9944-2cf4417c297c,444.4,Buy,6.232,1741091762989
CFXUSDT,55317a1b-7405-44ff-9ece-5ac80b487aa2,8444,Buy,0.10233,1741092057501
CHZUSDT,7e357a16-3f0a-4910-ab14-9448fdabbb1d,61604,Buy,0.04886,1741092331562
BCHUSDT,cac583ab-7593-4a45-9358-f3f509387c5d,1.72,Buy,311.5,1741094465652
FLMUSDT,b03f9304-2522-4508-8a37-0e372e4f708e,104388,Buy,0.0354,1741095077375
BCHUSDT,a5fe213e-f69e-44e8-8d95-7f0ac760896a,3.5,Buy,333.6,1741099049774
LTCUSDT,ef8cd486-b3e6-424d-a257-e322be7dd22d,11.9,Buy,98.68,1741105667899
LTCUSDT,ee895087-5094-4daa-be0c-1e56f77a684d,0.1,Buy,105.93,1741175608517
CHZUSDT,ed7b9e7d-8d24-40dd-90e9-b2f6b2e4380c,61604,Sell,0.046,1741175615223
KAVAUSDT,4786a3eb-fd12-4005-9bd5-376065fe8a69,9508.4,Buy,0.472,1741197603667
TRXUSDT,4d8e5c55-fd97-4e8a-b403-fabd8c077dfe,10193,Buy,0.25675,1741210566491
CHZUSDT,4c96bf7c-5bd5-4a44-94ef-46966da94ef5,61604,Buy,0.05133,1741215530753
SXPUSDT,ee7d287e-db23-4287-bfab-57309182f1e7,18112.2,Buy,0.221,1741217951158
LUNA2USDT,4a174ac5-a4b2-4945-affe-2fb9be5c653f,15468.2,Buy,0.2266,1741218222623
UNIUSDT,cae8913c-68d4-45e5-b644-771ba52d208f,101.2,Buy,7.903,1741218233509
1000LUNCUSDT,463503c5-b40d-40fe-8511-d8fb4e3b9d33,69249,Buy,0.06874,1741220163092
LTCUSDT,a0e4c97f-7c72-4eea-b5d9-d0500dcd2af1,24.2,Buy,106.99,1741225474517
BNBUSDT,243b3014-858b-4e2b-a9c2-6fb613484dd5,2.09,Buy,615.7,1741225601114
LINKUSDT,24c41bd9-86fa-460d-93db-088d303b6730,32.3,Buy,18.109,1741228923602
TRXUSDT,a404d4da-2b16-4b3e-b155-c6f16251583f,10193,Sell,0.22847,1741265359340
AXSUSDT,c4ab431b-5a62-4d2c-9b9c-7cb898bb3a8c,2147.2,Buy,3.73,1741351549419
MTLUSDT,3ee4f8f0-1007-450c-9418-4c10b5e6811f,12828.2,Buy,0.8516,1741351741419
ICPUSDT,1d886999-0c67-45c7-8b2d-81cb97c36476,334.4,Buy,6.5,1741351801462
LPTUSDT,84bf9c61-ee91-4af3-9964-241fa20bb17b,348.9,Buy,6.337,1741351846294
EOSUSDT,54005f20-8248-4da3-98d9-03460261b8fe,17235.5,Buy,0.5828,1741352137967
DOTUSDT,6d60f300-be90-4217-8316-b12fc8331764,636.2,Buy,4.8284,1741352168247
1000PEPEUSDT,7c19ac6f-2f03-4692-8a31-c1a9163cf1d9,1315600,Buy,0.007424,1741352171885
SOLUSDT,f8b6d213-1a1a-4d14-bc14-4899ccf7c27e,57.2,Buy,152.65,1741355286146
1000PEPEUSDT,f0908c2b-76e6-45d1-b402-4a3bd49aead4,434200,Sell,0.006968,1741358866066
LPTUSDT,629708e1-1e6a-4e68-9841-5d3d3522d3a1,115.1,Sell,5.983,1741359139947
EOSUSDT,e817bf02-087c-442a-a456-771f0e1540b9,5687.7,Sell,0.5333,1741359846705
AXSUSDT,d9d9b258-c8c0-43d0-8435-c4e857ca5076,2147.2,Sell,3.363,1741361797976
ICPUSDT,18f13d06-6475-4779-bb19-9b3f62ded87e,334.4,Sell,5.842,1741363974267
LPTUSDT,b08a5ba3-ff05-4b83-acde-49082cf5af0d,233.8,Sell,5.82,1741364475716
EOSUSDT,d7f388e7-464d-44c5-8461-e12339a6a58a,11547.8,Sell,0.5206,1741364508910
MTLUSDT,1ba8e42c-6356-4173-b94d-2a6d6994b65b,12828.2,Sell,0.767,1741366289119
KAVAUSDT,118be799-b6b1-4e86-a685-950851f578e4,9508.4,Sell,0.4053,1741366406289
SOLUSDT,b1a93df5-18f6-4065-8a72-1604cd1cb6d5,57.2,Sell,134.52,1741366518256
DOTUSDT,ff3b8eb0-370a-4343-bdcd-1ea08093783b,209.9,Sell,4.3526,1741371592700
LINKUSDT,43488045-7453-423c-b2ec-74b97af705df,32.3,Sell,15.596,1741379861534
DOTUSDT,efc3aa9e-dff1-4d14-8d49-bd6df033c9d1,426.3,Sell,4.2458,1741381600017
1000PEPEUSDT,804eb4e8-6abf-4603-b860-30420ae4023c,881400,Sell,0.006527,1741396845201
DOTUSDT,31099e41-f69f-4a9a-b932-34d87110a9a6,1831.9,Sell,4.0828,1741434125180
ETHUSDT,6d4ae71f-a2df-4510-a842-8f853f45aaed,2.59,Buy,2208.43,1741437362936
AVAXUSDT,e5324fec-02d1-4fa9-907c-8d84ee241f61,451,Buy,21.17,1741443843834
DOTUSDT,e043aa39-a1af-45a4-91f9-07b5da3d36a7,1831.9,Buy,4.5921,1741444929443
ETHUSDT,c4b16e81-a9f4-4371-9724-564a23e72efa,0.85,Sell,2162.02,1741454336899
UNIUSDT,2561b4c2-f709-4be8-9344-c198b09df19b,1872.2,Buy,7.561,1741465447517
AVAXUSDT,ed072143-d0da-4b5b-a4fb-8d26f5e3d7c5,451,Sell,19.95,1741485105376
ETHUSDT,734302d6-4f6f-490e-bfc4-499878e93d90,1.74,Sell,2142.49,1741486340016
UNIUSDT,f35030c2-aefc-43e2-9bfd-7b1946590b42,1872.2,Sell,6.709,1741488007324
TRXUSDT,c12402c3-d5ac-46a0-a90c-3c2b6f7262ea,97134,Sell,0.22899,1741501085247
BTCUSDT,d8497444-83f2-4a2f-82f6-fed6de4b132d,0.398,Sell,84135.9,1741517283721
DOGEUSDT,1fe9a9f9-e9e0-421f-8bc7-e1494e8d7890,16900,Sell,0.17477,1741523762274
TRXUSDT,08dd9c42-4a12-462a-987e-a365233594bd,97134,Buy,0.25476,1741526141199
BTCUSDT,b1e20ac9-c129-4673-a82b-ffb6c19d6a7a,0.132,Buy,84347.4,1741528791967
BTCUSDT,3b47e6e1-19fc-4e17-804e-a1d12267f859,0.266,Buy,83670.4,1741535195067
DOGEUSDT,acb8adbb-d0bd-47d6-85c6-cae393a716f3,5577,Buy,0.18274,1741537652505
DOGEUSDT,8860871e-57e2-4f94-b4ea-5558a931f596,11323,Buy,0.17842,1741539694455
ETCUSDT,f08872bb-e1a6-49bd-8df9-aa7b6bc51669,238.1,Sell,16.953,1741546444187
BCHUSDT,0f57017e-c580-443e-891c-c551651227a9,2.97,Sell,303.8,1741654449410
ADAUSDT,4e37140e-de63-42b8-a608-433c847982ec,1564,Buy,0.768,1741684681952
SOLUSDT,a37d68b0-1469-483b-b1ac-725734fb1456,46.2,Buy,131.21,1741693324273
ETCUSDT,32b44409-2a52-4c9a-95b2-e56b02996c17,78.6,Buy,18.023,1741703289916
SOLUSDT,1417beb2-d957-494f-bff2-6c64a0260198,46.2,Sell,113.77,1741703587785
ETCUSDT,1e1d4ea9-de83-4c15-88fa-e5d07cb84aba,159.5,Buy,18.743,1741710215774
ADAUSDT,76e078a1-7849-407c-bebf-6f91beb109ba,1564,Sell,0.6816,1741756979923
BCHUSDT,49cdb9de-fefd-4a09-b842-1eefca2e8978,2.97,Buy,356.1,1741770256016
DOGEUSDT,9b6bd883-b08b-461a-b601-bd605d6a68bf,16218,Buy,0.18072,1741782962852
OPUSDT,e2260117-5c4c-4181-b470-663ce058f60f,3032.3,Buy,0.9123,1741819683692
OPUSDT,51671c30-395d-4519-ba2b-48ae3abbccea,3032.3,Sell,0.8023,1741844235130
DOGEUSDT,3c2d31c3-58fd-4089-b446-ea6f3da826c9,16218,Sell,0.1585,1741845929525
BNBUSDT,66e782a1-3af5-4ebf-ba0d-5cbbaf1f3e01,1.76,Buy,610.6,1741872603231
LDOUSDT,205952f6-e677-47c6-9914-fea5c59cc544,11858,Buy,0.9573,1741912562961
EOSUSDT,01493898-2579-4fec-b1c4-dc0f41718ced,27148.2,Buy,0.53,1741921208687
OPUSDT,4c6128b6-0583-4f43-ab7d-99594dccf13e,3298.9,Buy,0.9142,1741926604900
DOGEUSDT,c6a6255e-3a18-4474-a55a-5cb3ce32f538,26842,Buy,0.17823,1741940642955
LTCUSDT,fd8fd32a-5721-4ba4-9a52-bb6a179a16ea,178.4,Buy,91.52,1741940644582
BNBUSDT,c1e487a2-a298-47f4-beb8-796a00a80b89,1.76,Sell,566.5,1741948592788
EOSUSDT,a23f3c87-40ea-4bd9-a0c1-ad89a44b5d3f,27148.2,Sell,0.4723,1741956474912
OPUSDT,37a506b7-23a5-4ae4-8c08-6592035077d5,3298.9,Sell,0.8164,1741958814788
LTCUSDT,97aaaea4-8f9d-4c1c-a4ae-a420c270b59c,58.9,Sell,89.15,1741960264335
LTCUSDT,3f34a079-8b11-4c7a-a9c0-1cac1d0ce8c4,119.5,Sell,87.93,1741962068980
DOGEUSDT,e0c0a17c-01db-4f46-a24b-8ff2d882e6b8,8857,Sell,0.16209,1741962242140
ARBUSDT,1039d791-1d6c-4eb4-9218-7816641d86db,13972.6,Buy,0.3638,1741963321930
LDOUSDT,04c31e38-19b7-4b03-bb94-0b89ab43603c,3913.8,Sell,0.8941,1741964406987
SOLUSDT,df1c9536-371d-4dbf-8cfb-41582656398f,61.6,Buy,139.5,1741965483323
AXSUSDT,4a2554a0-d093-4af6-a362-f550b4ec97fd,671,Buy,3.442,1741965486546
MAGICUSDT,14cfb777-76be-4967-8654-373ddf1260e0,94841,Buy,0.1496,1742057289998
BCHUSDT,eba8645f-badb-47d8-b574-88c2ab075550,37.84,Sell,324,1742085117178
MAGICUSDT,021764d9-c515-41d5-9390-0670924efa07,31297,Sell,0.1389,1742106639610
MAGICUSDT,7236653b-aaad-4d17-a2f7-c99c50725c20,63544,Sell,0.1367,1742115898593
ADAUSDT,6123411e-ba50-4e21-969e-59c5000478e0,28604,Sell,0.6913,1742118844084
SOLUSDT,f4e23039-dc76-45b0-ade9-56c1e10b091a,41.8,Sell,116.14,1743631922667
TRXUSDT,1ec3c83b-39f7-4d86-9090-97ecfb3885f4,96070,Sell,0.22228,1743633004732
LTCUSDT,2e761cd9-ce04-4698-af25-d348fd9b08af,121.6,Sell,79.53,1743634872733
SXPUSDT,467c72d3-9402-4732-90ab-1bbdfaa710bb,27078.9,Sell,0.1578,1743636251028
BTCUSDT,0d7c9439-2925-4191-a998-bb728bb812d1,0.048,Sell,81372.7,1743638631332
MKRUSDT,7ecdd932-f0e4-440e-ad6d-7d793a4eb033,1.355,Sell,1205.3,1743677282467
LTCUSDT,77e55b0c-4282-4c5a-9511-4f62519edcde,109.7,Sell,79.13,1743684843104
BTCUSDT,98079484-323f-4c19-ba42-7cca5827fb3f,0.092,Sell,81087.1,1743687003162
SOLUSDT,d7f8ba67-49bc-4e8f-a1b5-24300d03857d,13.2,Buy,119.09,1743691322876
SOLUSDT,92095b03-b612-433d-9e7f-4b29564e3f33,28.6,Buy,121.21,1743710312886
ATOMUSDT,818710e4-a3f6-488a-b259-3176efcd6393,1402.9,Buy,4.801,1743712924195
TRXUSDT,bb747d88-3d46-43d7-9895-aee82f0fe50d,96070,Buy,0.24833,1743715105098
LTCUSDT,93ed927b-b628-4f56-a5a4-9254ea50ed4b,109.7,Buy,84.67,1743722181400
SXPUSDT,e3d60921-f8a4-4512-af18-b5ac2dd68bee,27078.9,Buy,0.185,1743738942747
DYDXUSDT,8cdb7afc-3e1c-4d32-bac2-e2ce9ba3ac06,3450.9,Buy,0.6312,1743765730564
DYDXUSDT,4fce2487-7f81-4d53-92f1-40c31d91d312,7006.6,Buy,0.6475,1743771793225
ATOMUSDT,0e00de4f-8d0c-4c3c-9d68-e8907a4cdc22,462.9,Sell,4.757,1743771978846
TRXUSDT,ec334b82-8d98-439d-877a-46d0340f2e7e,11917,Buy,0.25329,1743773403325
MKRUSDT,6f1d5149-02eb-4894-a34a-7e1a3503ad9c,1.355,Buy,1414.3,1743774437086
GMXUSDT,78218daf-2229-4693-a0fe-18cbf7de2736,1400.92,Buy,12.006,1743816606254
GMXUSDT,c7057fe4-d34c-44b3-a847-680d6d763454,1400.92,Sell,10.76,1743828672803
ATOMUSDT,aefffac9-9d08-497c-9a2f-cce7a27fa02e,940,Sell,4.551,1743897687784
TRXUSDT,df8e311a-828e-4fca-a6ac-1076bb593696,11917,Sell,0.22375,1743905890421
BCHUSDT,f81f3e52-e0c2-4239-8767-bedec34fea1a,13.75,Sell,281.2,1743908401969
MKRUSDT,0dc979f3-9448-45fb-8024-0b43ec1eb816,11.737,Buy,1433.5,1743909483186
MKRUSDT,bf178096-7d7c-48b9-9309-9cd40232785a,11.737,Sell,1271.7,1743933245073
FILUSDT,f7f0408d-9c65-48c4-a5e0-536a617c9eb9,1270.9,Sell,2.485,1743942963087
BTCUSDT,2afbc9ff-ce32-4200-ab60-2d5a5935d648,0.031,Buy,80939.4,1743962905754
FILUSDT,e4a8e33f-f53d-48a8-a1c4-70b74bbcef37,419.3,Buy,2.578,1743963657626
BCHUSDT,0d992271-345f-48a2-b766-cb2c1310115a,4.54,Buy,297.5,1743963683739
BCHUSDT,95202a35-4811-4319-80be-3307f3d3c260,9.21,Buy,288.6,1743965450785
BTCUSDT,022125c5-785c-429b-b125-0a5490187a2e,0.001,Sell,78355.4,1743971619849
FILUSDT,be04f4ba-07cc-4d1d-adcb-52072e3c855b,851.6,Buy,2.487,1743971854097
BTCUSDT,182a273b-165f-4e98-9c30-a06f8fbf8399,0.062,Buy,78894.3,1744207280004
AVAXUSDT,ad543b0e-350b-4387-8f23-2f19c7dc6b38,134.2,Buy,17.838,1744218362309
LPTUSDT,e86e6ca0-fdb1-43e6-a88d-641015f8fcf3,225.3,Buy,4.269,1744218364103
LPTUSDT,d73c7300-70a9-4355-a733-6182e4d0f9df,198.7,Buy,4.269,1744218364120
BTCUSDT,049abc79-863a-4fd5-ae00-a25c3d6a3546,0.035,Buy,81578.1,1744219506230
ADAUSDT,71560499-6538-4d7b-a62f-d057ed23f16e,1489,Buy,0.6504,1744220521685
NEARUSDT,1ed75688-f315-414e-a6d8-64939cbc21b6,684.2,Buy,2.176,1744220522195
APTUSDT,f3378e19-c4d2-4087-8c56-cccc32708744,320.98,Buy,4.866,1744220523805
BNBUSDT,17e5627e-c216-4e95-9b9f-be0d955c38c9,15.95,Buy,591,1744220524050
1000PEPEUSDT,625fde3f-814b-4cac-aa35-66bf8007da2d,484200,Buy,0.007402,1744221603562
DOGEUSDT,d6a056a2-328a-4e47-96e8-644f950974d3,11282,Buy,0.16935,1744221603753
DOTUSDT,80b70022-02bb-4fd4-a1a4-6794269b8b17,473.9,Buy,3.886,1744221603800
MKRUSDT,965c320e-850b-4d6f-8b37-de06d650352b,3.065,Buy,1439.7,1744221603983
LTCUSDT,d55a68a7-ef85-4875-8cbc-135fff3c6b54,73.4,Buy,79.26,1744222683811
TRXUSDT,5e79e590-c020-47e8-8c2c-d4a33e396173,56694,Buy,0.24935,1744229163480
ETHUSDT,a9626184-e26e-4b33-8d03-f0bddf2c67c5,0.73,Buy,1707.19,1744232403462
CHZUSDT,575294ef-c632-46a6-8413-37a496a6c840,42711,Buy,0.04134,1744233483544
AVAXUSDT,5344db86-9275-4ee7-9bfb-294ffeb80d59,44,Sell,17.862,1744268043126
BNBUSDT,e74412cd-4ded-454e-b303-ce02067bd1cf,15.95,Sell,566.7,1744270214569
LTCUSDT,1c306a9e-78fa-46e5-8ce1-70b6b152b2cf,73.4,Sell,72.27,1744272311178
DOGEUSDT,4b646319-3316-4ad7-a0c4-46f18f76938a,11282,Sell,0.14799,1744273480503
NEARUSDT,c2081ef3-f333-4273-a51c-aebc1f651d8c,684.2,Sell,1.952,1744273503374
DOTUSDT,1ea48bcd-c452-4903-b0e6-ece30347db6d,473.9,Sell,3.3519,1744275097860
BTCUSDT,c452f88c-71e9-4173-99d2-8cb787d84b43,0.011,Sell,80694.5,1744275603356
CHZUSDT,e235e6dc-951e-40d7-8afc-fa0074ec6099,42711,Sell,0.03703,1744275746078
ETHUSDT,74f46c85-6cd1-4955-9a09-8b0c6f9fc083,0.73,Sell,1555.75,1744275779107
AVAXUSDT,b37dd7f9-92d3-4300-8ac0-c8ba3f566a72,90.2,Sell,17.629,1744275960167
ADAUSDT,b1dab122-9a7a-4d24-8b52-a0efa6b84f4c,491,Sell,0.5917,1744276683403
APTUSDT,c9abaf30-cc53-481c-a067-fe60829dca7f,320.98,Sell,4.353,1744278046602
TRXUSDT,89fd8fbf-3e1e-4bae-9e6a-e3d33c10ad35,18709,Sell,0.22889,1744279922892
ADAUSDT,097c3328-6ae2-441d-9859-18241f7b172f,998,Sell,0.591,1744280293052
LPTUSDT,a684b986-d31a-4c5a-90da-4ca10bf53f33,225.3,Sell,3.617,1744280761435
BTCUSDT,af9625b5-bcc6-42c5-9e2a-ff1ec5299aca,0.024,Sell,80799.9,1744281739406
TRXUSDT,e42fff08-b642-4e99-9ced-5e5707098101,37985,Sell,0.2293,1744286803000
1000PEPEUSDT,f1ae3369-2d08-4d47-af4f-89322c2defac,484200,Sell,0.006449,1744358501402
HBARUSDT,01b9bb25-9921-4115-96a9-6eea31d28aca,4985,Sell,0.15796,1744384683279
HBARUSDT,83530959-aeb2-4448-88c2-a2ffdbf6725b,15110,Sell,0.1574,1744385044811
HBARUSDT,0d09813e-25ac-4f76-8f99-f41440867aae,4985,Buy,0.17438,1744385314066
LTCUSDT,276d1285-e264-4bb1-a400-58deb3d514be,49.7,Sell,75.04,1744646042005
DOGEUSDT,d00779cd-611f-4614-b936-97d60d8e7531,24024,Sell,0.15032,1744669804744
NEARUSDT,9704968b-fba9-44eb-8a1c-1526a28d1359,5702.4,Sell,2,1744674122883
DOGEUSDT,98eaa2e7-a0f3-4eef-a83f-b2cd9b2517d0,24024,Buy,0.16758,1744701375684
NEARUSDT,2170d966-4afb-49f7-a556-8ff72b9de9ee,5702.4,Buy,2.229,1744708643253
LTCUSDT,c75c82c6-d616-4a6a-87be-6626cb47265d,16.4,Buy,76.32,1744762457733
LTCUSDT,3af972fb-36be-47da-a54c-e080bafee144,33.3,Buy,77.3,1744792437463
TRXUSDT,f7db6e34-13e2-401c-bea4-e23ed1a2617a,36082,Buy,0.25736,1744849633435
TRXUSDT,4e3ccab8-d837-4d65-af64-26cc509e8c06,73260,Buy,0.26008,1744895213281
TRXUSDT,fe7675d5-3669-42d1-82b2-db23bf1bf4c7,109342,Sell,0.23522,1744899821644
NEARUSDT,43d87429-95b4-4aae-869f-d4da85bff642,3953.4,Buy,2.167,1744909563744
NEARUSDT,7904e1b0-a8f6-4f00-a09b-70dec7988fd9,1258.4,Buy,2.194,1744913882632
NEARUSDT,1ae982f3-45b6-41c8-bb3f-df4a62271195,1258.4,Sell,1.938,1744930011729
CFXUSDT,e21acd08-7040-49bd-8c39-6974b92719f2,109595,Buy,0.07792,1745019916041
CHZUSDT,eecdb05b-09e1-48b4-bc05-9d85baf9a1b9,268917,Buy,0.04105,1745024045148
SANDUSDT,d04f88ea-ce10-4c21-a2de-132329140af9,29207,Buy,0.2941,1745030523751
NEARUSDT,b8df4450-357d-4e4f-817f-33dc248f0c17,1304.6,Sell,1.997,1745036951811
DOGEUSDT,612140c6-2959-472a-a2b5-98633747d1e1,18462,Buy,0.16859,1745037003416
CFXUSDT,772474c7-caf4-4649-9d7f-c73b314b71ff,73429,Sell,0.05875,1745145656600
MKRUSDT,32399025-d322-4009-8e34-5ae0db26c584,4.444,Sell,1274.9,1745146083942
ETHUSDT,585b781a-d55c-4c66-be0f-7136a9ef3fec,12.18,Sell,1542.8,1745147161757
EOSUSDT,416c9d63-8be5-4ae7-96f6-aa9aaff21b66,6779.3,Buy,0.6849,1745161425211
BTCUSDT,76cf9772-6acf-4ed4-bbb5-34ac1f2d6271,0.603,Buy,86050.4,1745182074204
MKRUSDT,6b02b5f5-9391-40e1-9e73-623997225d6f,4.444,Buy,1420.7,1745190954144
ETHUSDT,411fce2f-6057-41b4-bd50-1baf32dd212b,12.18,Buy,1624.52,1745194123108
APTUSDT,7363c9dc-3300-495e-bd1d-d3308780bb8a,192.06,Sell,4.845,1745195179072
ADAUSDT,94ab1d2e-9e42-4c48-a140-724457315bcd,3509,Buy,0.668,1745195761721
BCHUSDT,70c96fea-944e-4274-95a7-72b4530c70e1,61.97,Buy,357.6,1745195763469
MKRUSDT,3c501a9a-f789-4e74-8889-0f516abf827f,13.077,Buy,1448.1,1745195763701
DOGEUSDT,5da65c99-dab7-451b-b005-112e177fbe70,28816,Buy,0.16727,1745195763743
ICPUSDT,7b19c28f-b66a-40e4-9662-787a7cc2af7e,723.8,Buy,5.2,1745195765758
SFPUSDT,abe3a1ab-a0d9-4a30-a461-1b5bfac137bf,27550.6,Buy,0.5292,1745196845864
ETHUSDT,a96cb0f6-0744-4004-a512-7d587b3b791e,2.93,Buy,1654.19,1745200083955
AXSUSDT,47abf859-0697-4c99-ab51-949502f8013c,4127.2,Buy,2.62,1745216284645
AVAXUSDT,16a48df4-b04f-4fb9-a327-2dcc9530fb51,569.8,Buy,20.76,1745216284853
JOEUSDT,2a3ff25b-82b2-4239-81c4-6c5ac702d65d,53381,Sell,0.1495,1745216339631
JOEUSDT,da832684-2521-4ff9-8081-757b1fa92186,53381,Buy,0.2011,1745218714037
AVAXUSDT,e00a14c7-7080-47bb-867a-0443e8b94095,162.8,Sell,20.281,1745222437322
BCHUSDT,edfde38c-a1fd-475e-9442-f6957f647594,61.97,Sell,320.2,1745240922370
SOLUSDT,ed60e687-21da-49f8-ad37-da889a8e0638,107.8,Sell,130.86,1745241122047
BTCUSDT,a7434c4d-b939-404f-ad21-3223f86ff1c5,0.04,Buy,88955.2,1745248681549
APTUSDT,5bfe13b2-f30e-45d7-957d-1fd484297ab0,389.62,Sell,4.745,1745250498358
ICPUSDT,240e535f-27c2-4e8e-9325-f5f753720edb,723.8,Sell,4.673,1745252911500
MKRUSDT,dc4b113f-97e1-4d6c-87c1-08ff764195f2,13.077,Sell,1301.1,1745254399803
ETHUSDT,694d81be-af1b-461b-8e1f-07b61490feaa,2.93,Sell,1568.49,1745254421013
AVAXUSDT,b649c19a-f605-426e-85a1-edf38367e69d,332.2,Sell,19.642,1745254835549
AXSUSDT,efa937a8-66eb-4868-aef4-ef5ef99424e2,4127.2,Sell,2.09,1745254864953
ADAUSDT,c110c14c-e06c-431d-b4f3-6029afe09521,3509,Sell,0.5887,1745254923223
AVAXUSDT,9640f43d-86d6-4dab-b93c-cc6b1eb0a0e2,569.8,Sell,19.601,1745258291650
MKRUSDT,f835f8ee-4f42-4024-9811-98c83afc5fd9,2.253,Sell,1274.7,1745265963576
TRXUSDT,0eb0e5ea-b357-4473-ba6c-5372d4409786,120538,Buy,0.25775,1745267043393
NEARUSDT,52f0f21a-bd30-4c97-aa54-9f0e04383728,2648.8,Sell,2.119,1745273039028
AXSUSDT,c67c8e4f-2be6-4a6a-88be-33afacae94a4,5343.8,Sell,2.052,1745274603385
SOLUSDT,3cf56f62-df9f-4b15-a91a-91556fa1e97b,35.2,Buy,141.76,1745282237140
SOLUSDT,c300f3a7-2de2-4d52-9580-d3eebab0322a,72.6,Buy,144.67,1745284309596
ICPUSDT,a40aecf8-0254-46d5-b180-7efc0ee1aeb7,1755.6,Sell,4.424,1745303762979
DOGEUSDT,0a4a1dba-08a6-4497-9c46-3df9f40f3950,9508,Sell,0.15365,1745305205998
APTUSDT,47ab8f4a-aeac-48ed-8652-315979fb44ff,1332.32,Sell,4.548,1745305923770
MKRUSDT,03c3358b-aa5d-4625-8d19-05d9b2ceff38,2.253,Buy,1464.1,1745309816798
TRXUSDT,9b2a0a51-8edd-4236-86d2-0eff0fd7a0d6,39778,Sell,0.23621,1745313694649
AXSUSDT,cb5ba9c5-8dc7-4f98-939b-5d313bf0a8ae,5343.8,Buy,2.531,1745321151296
TRXUSDT,afe17557-5287-454c-ab81-4efbd85b3975,80760,Sell,0.23318,1745321973021
ICPUSDT,ebb7f67f-8543-4310-9f86-fc4164a627f0,1755.6,Buy,5.006,1745327305984
LDOUSDT,a0245ad3-ef38-4dc2-ba30-1c7b7d1df0fa,10582,Buy,0.7879,1745334003185
DOGEUSDT,661655a1-dca1-4a04-8877-82d23a171a79,19308,Sell,0.16405,1745334270674
LDOUSDT,dcaa0e73-ffc1-4498-a3d6-6480b2546951,8133.4,Buy,0.8067,1745335082857
BNBUSDT,a4b10dee-0b7f-4771-97fa-84aeab2fbbe0,3.89,Buy,641.8,1745335084594
ARBUSDT,e8cff0b1-cec5-4044-b0e0-2f54152e8894,9096.1,Buy,0.3303,1745335084760
SFPUSDT,991ac3dd-1e1d-447a-82ba-04d87b2668f3,9092.6,Sell,0.439,1745335478009
AXSUSDT,abc7470e-bcba-42e6-b764-a29a089ff5b9,717.2,Buy,2.668,1745341563894
BTCUSDT,cf2fc738-6045-4784-93bb-d93220c1abdb,0.013,Sell,90912.5,1745356961160
APTUSDT,64b8202f-6e4a-47a4-9192-7151e46d971b,1332.32,Buy,5.472,1745358609207
MASKUSDT,3bbe0d44-8f41-41e4-81ca-5ab9bce67c1e,1357.4,Buy,1.183,1745366410554
LDOUSDT,8224cc85-9b6e-46d5-ba3b-abc15c3e16c3,3491.4,Sell,0.7568,1745371803671
ARBUSDT,1aa5bdd0-2c73-43d3-98f7-5b2d11f0e6d2,3001.7,Sell,0.3146,1745380851714
BTCUSDT,cdb03e37-3e35-4951-99dd-67eeec29df05,0.001,Sell,92398.8,1745386630912
MASKUSDT,8493f30d-6afd-4d59-ad2f-91639755d798,448.8,Sell,1.123,1745391039630
MASKUSDT,3c34d4b6-7f94-44b8-b128-27a532dc6529,1357.4,Sell,1.157,1745391055889
MASKUSDT,1b793f86-36c9-4a78-ab2d-eb849304a1ef,448.8,Buy,1.248,1745392071643
LDOUSDT,14a66e6b-4d62-4754-8de2-f92f28ba6fbe,7090.6,Sell,0.7746,1745413395668
ARBUSDT,3883e9f7-0e18-4a19-9968-baf45b1fdad3,6094.4,Sell,0.3157,1745415312918
BNBUSDT,df8380db-6ab7-4da2-9390-537945470fb9,3.89,Sell,572.4,1745454648770
TRXUSDT,34802edb-0197-489f-8f5e-2a5ed408a1bc,107644,Sell,0.22982,1745484125296
LDOUSDT,90f18cca-702b-4d18-854b-c3220ec9eb16,2684,Sell,0.7722,1745498174671
TRXUSDT,d648345e-ccfd-4b13-bf1a-20325e9cf061,107644,Buy,0.25727,1745500027761
SFPUSDT,00696d49-516d-40d1-8fb0-4516e0358547,18458,Sell,0.4674,1745501374484
BTCUSDT,1ff1e0c9-89c3-464b-be73-394e71eb9c33,0.026,Sell,91630,1745502078452
AXSUSDT,b302c985-7b94-487e-8ee5-0d34518a2b67,237.6,Sell,2.315,1745507562847
LDOUSDT,73acf757-2173-4dfe-8c62-9d219ea5dfcf,5449.4,Sell,0.7887,1745546205733
AXSUSDT,9c37187a-1bba-431b-8ded-e29753764ccc,479.6,Sell,2.301,1745548993588
TRXUSDT,b2a46df0-2b0a-4ebb-8453-cac740a23c19,101988,Buy,0.25793,1745649362425
LPTUSDT,3e59c922-6181-45b4-9534-345080c87037,1755.8,Sell,4.877,1745660162588
TRXUSDT,a87a38ec-de54-435f-9df9-4995c005e49d,18311,Buy,0.25922,1745661245605
TRXUSDT,22a3e29a-0973-4e86-8aa6-e7da20e1e018,101988,Sell,0.23865,1745665584610
NEARUSDT,bf59c68a-e243-4f41-93c7-3c1f2d835816,3784,Sell,2.442,1745673124048
LPTUSDT,156ae690-dcaf-437f-b85b-1479fbee10b7,579.5,Buy,5.927,1745699443864
LPTUSDT,5edfa161-ef92-43cb-86c8-5a06958c7c65,1176.3,Buy,5.955,1745700422984
NEARUSDT,ee601c6c-e46a-4a6d-bb58-eda2ace082b2,3784,Buy,2.766,1745713172083
TRXUSDT,3a1b448a-f512-4895-b5e3-8a0afce6cb7f,6043,Sell,0.24127,1745714964718
MASKUSDT,5dd1da4f-e6c1-4788-a46c-7fd22338ff2b,1344.2,Sell,1.134,1745719566732
MAGICUSDT,ab955bbb-34fc-4f6b-98c5-5e583cf8a4ea,16205,Sell,0.1744,1745767083420
MASKUSDT,eb04c665-4626-4dde-a664-0b27fea1f422,444.4,Buy,1.231,1745782528429
TRXUSDT,38783426-fc4e-4f39-8e6b-6e62aaf94a3c,12268,Sell,0.23462,1745784472571
MTLUSDT,1d94d0b7-2917-4ac0-9ba9-66c827ff6a1f,5354.8,Sell,0.7579,1745785443700
BNBUSDT,cd9ac48d-b8b8-4623-aea5-f7bef82589dd,59.49,Buy,636.3,1745790844425
MASKUSDT,7eb84e5c-63a8-47a3-8054-d94cf3ff6625,899.8,Buy,1.237,1745800215500
MTLUSDT,9c6f4bf5-bc15-493b-b177-a8388958a17b,5354.8,Buy,0.9341,1745800470926
RVNUSDT,46f0a9b6-bf5d-4f5c-8840-965ddaf066b6,132986,Sell,0.01035,1745804885419
