[{"name": "__Host-next-auth.csrf-token", "value": "4f5bd8ab2dcb6889ace748e5e0dcda32cb6948d77dc63c96f1fb373d693d4a81%7C588dce0c13d7640048a50e4a5670c2f742b53f33d704acb35148c6ba90b66f97", "domain": "app.leonardo.ai", "path": "/", "expires": -1, "httpOnly": true, "secure": true, "sameSite": "Lax"}, {"name": "__Secure-next-auth.callback-url", "value": "https%3A%2F%2Fapp.leonardo.ai", "domain": "app.leonardo.ai", "path": "/", "expires": -1, "httpOnly": true, "secure": true, "sameSite": "Lax"}, {"name": "_gcl_au", "value": "1.1.504503048.1708618920", "domain": ".leonardo.ai", "path": "/", "expires": 1716394920, "httpOnly": false, "secure": false, "sameSite": "Lax"}, {"name": "_ga", "value": "GA1.1.1697535779.1708618921", "domain": ".leonardo.ai", "path": "/", "expires": 1743178920.675979, "httpOnly": false, "secure": false, "sameSite": "Lax"}, {"name": "_hp2_id.2928600800", "value": "%7B%22userId%22%3A%228796573541996322%22%2C%22pageviewId%22%3A%224468648550637296%22%2C%22sessionId%22%3A%222641041034379030%22%2C%22identity%22%3Anull%2C%22trackerVersion%22%3A%224.0%22%7D", "domain": ".leonardo.ai", "path": "/", "expires": 1742696521, "httpOnly": false, "secure": true, "sameSite": "None"}, {"name": "_hp2_ses_props.2928600800", "value": "%7B%22z%22%3A0%2C%22ts%22%3A1708618921018%2C%22d%22%3A%22app.leonardo.ai%22%2C%22h%22%3A%22%2Fauth%2Flogin%22%2C%22t%22%3A%22Leonardo.Ai%22%7D", "domain": ".leonardo.ai", "path": "/", "expires": 1708620721, "httpOnly": false, "secure": true, "sameSite": "None"}, {"name": "_fbp", "value": "fb.1.1708618921034.1908416671", "domain": ".leonardo.ai", "path": "/", "expires": 1716394921, "httpOnly": false, "secure": false, "sameSite": "Lax"}, {"name": "_ga_4J9ZXN1KG8", "value": "GS1.1.1708618920.1.0.1708618921.59.0.0", "domain": ".leonardo.ai", "path": "/", "expires": 1743178921.154144, "httpOnly": false, "secure": false, "sameSite": "Lax"}]
